Date,Reliance,TCS,HDFC_BANK,Reliance_log,TCS_logs,HDFC_logs
2022-01-06,2230.4287109375,3807.449951171875,1539.75,-0.021735959005762782,-0.013953593638408158,-0.0161698915666149
2022-01-07,2248.42724609375,3853.5,1550.550048828125,0.008037156012494558,0.012022165335682853,0.006989672606292387
2022-01-10,2250.273193359375,3879.85009765625,1559.1500244140625,0.0008206580518396052,0.0068146920282570215,0.005531078437257903
2022-01-11,2266.471923828125,3915.89990234375,1565.9000244140625,0.007172775748344791,0.009248644878156341,0.004319937531768156
2022-01-12,2326.974365234375,3859.89990234375,1556.6500244140625,0.026344464165372936,-0.014403912037123701,-0.005924662159350016
2022-01-13,2340.0810546875,3897.89990234375,1528.0,0.00561669949488743,0.00979667041590805,-0.018576401256655183
2022-01-14,2343.49609375,3968.14990234375,1545.1500244140625,0.001458304009727038,0.01786204499635904,0.01116131807179436
2022-01-17,2355.725830078125,4019.14990234375,1521.5,0.005205016548364571,0.012770446672477561,-0.015424318461234402
2022-01-18,2327.62060546875,3990.60009765625,1529.25,-0.012002341654495449,-0.007128793182081373,0.005080728785648501
2022-01-19,2327.43603515625,3914.64990234375,1518.449951171875,-7.929884718740782e-05,-0.01921571925242059,-0.00708737356636202
2022-01-20,2286.685546875,3826.550048828125,1509.0,-0.017663837894980123,-0.022762274041421268,-0.006242865788463263
2022-01-21,2287.0546875,3833.5,1521.5999755859375,0.00016141739884008904,0.001814597302790192,0.008315216978283121
2022-01-24,2194.801025390625,3771.35009765625,1486.6500244140625,-0.04117343369182168,-0.01634517057596337,-0.023237113803105735
2022-01-25,2190.509033203125,3769.89990234375,1488.050048828125,-0.001957441321401536,-0.0003846034358697011,0.0009412878495059288
2022-01-27,2158.0654296875,3649.25,1474.949951171875,-0.014921766100086083,-0.0325267829764287,-0.008842513003193603
2022-01-28,2155.98876953125,3690.050048828125,1463.25,-0.0009627418760876307,0.011118354299959271,-0.007964068618008345
2022-01-31,2202.8310546875,3736.25,1485.699951171875,0.021493932035259792,0.01244241328750092,0.015226019606576277
2022-02-01,2195.539306640625,3800.64990234375,1497.0,-0.0033156619966374047,0.01708964442545668,0.007577096641721824
2022-02-02,2200.015869140625,3856.199951171875,1531.199951171875,0.002036859449454895,0.014510150919452337,0.02258860439026455
2022-02-03,2171.58740234375,3824.60009765625,1515.3499755859375,-0.013006151645900237,-0.008228317780467242,-0.010405290557011584
2022-02-04,2151.7890625,3814.89990234375,1524.0,-0.009158803727145967,-0.002539485706011177,0.005692037993710163
2022-02-07,2138.6826171875,3779.0,1468.1500244140625,-0.006109578181418114,-0.00945500210708937,-0.03733533582648887
2022-02-08,2174.63330078125,3743.449951171875,1461.8499755859375,0.016670012955034553,-0.009451791296137277,-0.004300381254040119
2022-02-09,2199.9697265625,3760.550048828125,1497.5999755859375,0.011583546631618485,0.00455760321325906,0.024161070255139666
2022-02-10,2197.70849609375,3770.35009765625,1525.0999755859375,-0.0010283747712061953,0.0026026249636430633,0.01819615523276405
2022-02-11,2193.41650390625,3694.949951171875,1518.8499755859375,-0.001954849180698592,-0.020200851954063855,-0.004106512185349368
2022-02-14,2158.48095703125,3733.75,1473.699951171875,-0.016055662005643772,0.010446081254129462,-0.03017724138241588
2022-02-15,2231.76708984375,3817.800048828125,1517.800048828125,0.0333889749871184,0.02226126272607913,0.029485738053939458
2022-02-16,2227.152099609375,3813.10009765625,1515.75,-0.002070004719168801,-0.0012318210632967976,-0.0013515841883006564
2022-02-17,2255.349609375,3784.199951171875,1506.5,0.012581314427851244,-0.007608041198598007,-0.0061212863814841065
2022-02-18,2237.720458984375,3793.89990234375,1512.3499755859375,-0.00784730288621191,0.002559997006328361,0.0038756367197694762
2022-02-21,2215.10693359375,3719.39990234375,1522.0999755859375,-0.010157016118927347,-0.019832149320818875,0.006426227955772458
2022-02-22,2205.046142578125,3586.39990234375,1510.699951171875,-0.00455224433015337,-0.036413452068387586,-0.007517857017742321
2022-02-23,2191.247314453125,3563.800048828125,1500.9000244140625,-0.006277503344167366,-0.006321481617170937,-0.006508142799604745
2022-02-24,2082.056396484375,3401.64990234375,1419.4000244140625,-0.051114874200466384,-0.046566825698156754,-0.055830680137398975
2022-02-25,2108.085205078125,3520.75,1456.0999755859375,0.012423992254029789,0.03441345578186169,0.025527347658958404
2022-02-28,2177.86376953125,3554.199951171875,1426.25,0.03256442440140939,0.009455953935078268,-0.020712989773824776
2022-03-02,2213.86083984375,3546.14990234375,1374.25,0.016393503548609776,-0.002267508627990603,-0.0371404944355156
2022-03-03,2195.170166015625,3544.39990234375,1371.0,-0.008478409775587425,-0.0004936147643659736,-0.0023677271784553955
2022-03-04,2146.48193359375,3524.35009765625,1366.5,-0.022429375937137386,-0.00567281583187036,-0.003287674194191638
2022-03-07,2067.10400390625,3484.89990234375,1324.800048828125,-0.03768159617680171,-0.011256728433354273,-0.030991184880149777
2022-03-08,2063.36572265625,3599.949951171875,1327.800048828125,-0.0018101003121531794,0.03248062153964745,0.0022619325707900467
2022-03-09,2172.83349609375,3632.60009765625,1371.1500244140625,0.05169357888270173,0.009028729303331122,0.03212634751471167
2022-03-10,2208.0458984375,3620.949951171875,1392.699951171875,0.016075841175040156,-0.0032122633534614887,0.015594452425525753
2022-03-11,2214.41455078125,3599.14990234375,1396.800048828125,0.00288014186642209,-0.006038729523843532,0.0029396670434708935
2022-03-14,2232.59765625,3643.0,1442.550048828125,0.008177718411897964,0.012109838687233154,0.03222847363260882
2022-03-15,2181.463623046875,3593.89990234375,1424.0,-0.023169737572427792,-0.013569581376300991,-0.012942601703159006
2022-03-16,2218.291259765625,3655.89990234375,1448.1500244140625,0.01674115846210329,0.01710433755814471,0.01681708362756181
2022-03-17,2290.6083984375,3672.75,1480.050048828125,0.03208026175144877,0.004598426060128925,0.021789007362663804
2022-03-21,2277.409423828125,3626.699951171875,1486.5,-0.005778879091562958,-0.012617569837994246,0.004348459476005829
2022-03-22,2336.250732421875,3700.949951171875,1494.1500244140625,0.025508813928295584,0.02026639982675223,0.005133136160898541
2022-03-23,2343.6806640625,3712.39990234375,1479.25,0.0031752336748584837,0.0030890111765205885,-0.010022297042247594
2022-03-24,2380.093017578125,3749.85009765625,1442.6500244140625,0.015416942970025998,0.010037323791328268,-0.025053485522483453
2022-03-25,2395.96875,3707.449951171875,1430.9000244140625,0.006648067661515245,-0.011371569632936398,-0.00817808305959826
2022-03-28,2420.05908203125,3707.699951171875,1432.800048828125,0.01000431633588029,6.742952020858363e-05,0.0013269718505939127
2022-03-29,2420.61279296875,3705.35009765625,1451.800048828125,0.0002287744157065894,-0.000633977533903858,0.013173593658241934
2022-03-30,2467.132080078125,3731.550048828125,1476.949951171875,0.019035646507942088,0.007045962443595044,0.017174918011188596
2022-03-31,2431.873291015625,3739.949951171875,1470.3499755859375,-0.014394512843801936,0.002248519275325118,-0.0044786664282942795
2022-04-01,2451.3486328125,3758.75,1506.0,0.00797647346732478,0.005014226023307081,0.023956678293387105
2022-04-04,2458.59423828125,3770.35009765625,1656.800048828125,0.002951403272319025,0.003081405927515072,0.09543093119288036
2022-04-05,2423.84326171875,3814.800048828125,1608.25,-0.014235333643228733,0.011720390274158561,-0.0297414292616096
2022-04-06,2417.38232421875,3755.35009765625,1550.8499755859375,-0.002669134590447795,-0.015706735590711084,-0.03634347933267316
2022-04-07,2374.73974609375,3684.14990234375,1516.75,-0.017797419628783402,-0.019141708262157192,-0.022233264136029277
2022-04-08,2414.244140625,3685.64990234375,1514.6500244140625,0.01649840197587599,0.000407066693930683,-0.0013854825525792462
2022-04-11,2409.2138671875,3696.39990234375,1496.1500244140625,-0.0020857547647280465,0.0029124722491235978,-0.012289247064239889
2022-04-12,2363.848388671875,3691.10009765625,1493.5,-0.019009534001569045,-0.0014348035456402054,-0.001772799549423644
2022-04-13,2355.172119140625,3661.949951171875,1464.949951171875,-0.0036771526180896966,-0.007928763982754418,-0.019301279811177043
2022-04-18,2347.97265625,3528.050048828125,1395.449951171875,-0.0030615551329604266,-0.03725045486437257,-0.04860416995326345
2022-04-19,2437.45751953125,3471.89990234375,1342.199951171875,0.037403239504746076,-0.016043357807300294,-0.03890688654675797
2022-04-20,2509.12841796875,3556.800048828125,1354.300048828125,0.028979953150057018,0.02415931154350617,0.008974729370501389
2022-04-21,2567.87744140625,3628.64990234375,1374.3499755859375,0.02314421037629358,0.01999937340959251,0.01469612257763408
2022-04-22,2546.37158203125,3612.550048828125,1355.5999755859375,-0.00841022251310614,-0.004446743676026993,-0.013736731569988959
2022-04-25,2487.484130859375,3548.199951171875,1365.75,-0.02339762639038596,-0.017973488806433693,0.007459585552714462
2022-04-26,2561.924072265625,3546.300048828125,1372.050048828125,0.029486756441119737,-0.0005355986719763768,0.0046022790823710726
2022-04-27,2564.416259765625,3561.199951171875,1372.550048828125,0.0009723067665899848,0.004192732795179613,0.0003643518091822757
2022-04-28,2602.720703125,3584.300048828125,1371.3499755859375,0.014826448502092339,0.006465657583272066,-0.0008747208776034945
2022-04-29,2575.39990234375,3546.699951171875,1384.5999755859375,-0.01055249824736475,-0.010545630659242964,0.009615633321573813
2022-05-02,2566.3544921875,3542.39990234375,1403.699951171875,-0.003518417564697682,-0.0012131439659054007,0.013700301143629705
2022-05-04,2486.238037109375,3479.75,1356.0,-0.03171566681967298,-0.017843983838986197,-0.03457238325463928
2022-05-05,2437.5498046875,3513.39990234375,1352.949951171875,-0.019777383180879814,0.009623749676403061,-0.0022518320175247786
2022-05-06,2418.859130859375,3432.60009765625,1317.5999755859375,-0.0076973608937409435,-0.023266181831730823,-0.026475476148577037
2022-05-09,2324.39013671875,3445.10009765625,1319.8499755859375,-0.039838297636444614,0.0036349399969012822,0.00170619392783629
2022-05-10,2284.10107421875,3438.75,1341.050048828125,-0.01748515386804752,-0.0018449267102992144,0.015934850342635667
2022-05-11,2260.703125,3412.0,1348.5999755859375,-0.010296661821301413,-0.0078094036272145255,0.005614073592505884
2022-05-12,2214.6455078125,3408.64990234375,1303.050048828125,-0.02058353308446021,-0.0009823397985872983,-0.03435929135099775
2022-05-13,2239.7509765625,3414.89990234375,1291.3499755859375,0.011272339440086229,0.0018318915891939365,-0.009019543979990701
2022-05-16,2240.304931640625,3376.800048828125,1305.0999755859375,0.00024729828926193143,-0.011219651474006814,0.010591483600592812
2022-05-17,2334.404541015625,3451.60009765625,1314.0,0.041144857246002094,0.021909389999020572,0.006796272577734444
2022-05-18,2342.896240234375,3448.800048828125,1313.9000244140625,0.0036310294957302433,-0.0008115613362611059,-7.608781540920926e-05
2022-05-19,2288.900634765625,3261.949951171875,1287.050048828125,-0.02331624340064552,-0.05570119751606366,-0.020647016410796675
2022-05-20,2422.366455078125,3293.0,1320.949951171875,0.05667330622063744,0.009473842301498885,0.02599832190969014
2022-05-23,2406.16796875,3321.75,1304.0,-0.006709508796747814,0.008692749095053015,-0.01291467424144174
2022-05-24,2414.4287109375,3288.0,1318.949951171875,0.0034272729383620685,-0.010212275295346766,0.011399464986070107
2022-05-25,2410.875244140625,3167.64990234375,1328.800048828125,-0.0014728470879050216,-0.037289519972319295,0.0074403875724465066
2022-05-26,2387.892578125,3226.949951171875,1366.699951171875,-0.009578642930428843,0.018547446329697282,0.028122723198614443
2022-05-27,2376.81640625,3261.300048828125,1392.050048828125,-0.004649262678104214,0.010588500316597835,0.018378476622189943
2022-05-30,2459.609619140625,3375.25,1401.550048828125,0.034240698139525676,0.03434349178730932,0.006801286002571411
2022-05-31,2429.93505859375,3364.35009765625,1388.949951171875,-0.012138113808405359,-0.003234587123630702,-0.009030771036992773
2022-06-01,2430.7197265625,3355.199951171875,1394.8499755859375,0.0003228651324766456,-0.0027234419190394705,0.004238834257816014
2022-06-02,2514.528076171875,3423.0,1385.0999755859375,0.033897745005912756,0.020005992935500025,-0.007014543534470242
2022-06-03,2565.4775390625,3440.14990234375,1380.300048828125,0.020059494092212145,0.004997687150558967,-0.0034714193503024835
2022-06-06,2554.44775390625,3430.949951171875,1378.449951171875,-0.004308579359287753,-0.002677870170929271,-0.001341258130389756
2022-06-07,2559.247314453125,3362.699951171875,1362.5999755859375,0.001877140459901583,-0.0200929683351675,-0.011565022651846609
2022-06-08,2514.29736328125,3404.14990234375,1367.4000244140625,-0.01771981136673367,0.012251038665272248,0.003516522911756516
2022-06-09,2583.245361328125,3427.10009765625,1377.699951171875,0.027053114336586394,0.006719204145113918,0.007504262274722715
2022-06-10,2505.251953125,3359.89990234375,1351.0999755859375,-0.030657190869060328,-0.01980326844066533,-0.01949634921263777
2022-06-13,2457.855712890625,3219.60009765625,1326.5999755859375,-0.019100001168840856,-0.04265402399299396,-0.018299797708175015
2022-06-14,2425.7353515625,3210.550048828125,1312.0,-0.013154592220067566,-0.0028148813317483566,-0.011066569183936637
2022-06-15,2396.384033203125,3206.300048828125,1307.449951171875,-0.012173767800736679,-0.0013246376514221433,-0.0034740525600160557
2022-06-16,2362.879150390625,3142.0,1281.300048828125,-0.014080093932224834,-0.020258099752637176,-0.02020341232021952
2022-06-17,2390.569091796875,3088.89990234375,1289.75,0.011650596874447564,-0.017044530972444346,0.00657317550096058
2022-06-20,2347.234375,3112.39990234375,1322.1500244140625,-0.018293677912980373,0.00757909252314235,0.02481081676350061
2022-06-21,2385.12353515625,3211.949951171875,1336.550048828125,0.016013146301709337,0.03148411275205174,0.01083248567241393
2022-06-22,2312.66796875,3222.949951171875,1330.25,-0.03084909680834253,0.00341885992990961,-0.004724809084195029
2022-06-23,2275.14794921875,3308.800048828125,1335.1500244140625,-0.016356739989763926,0.026288526582878686,0.0036767688822040294
2022-06-24,2307.54541015625,3293.10009765625,1353.800048828125,0.014139283663546021,-0.004756200614915947,0.013871825783282065
2022-06-27,2300.715087890625,3314.699951171875,1356.25,-0.002964384183727915,0.006537707040267794,0.0018080491468048835
2022-06-28,2333.066162109375,3318.14990234375,1345.9000244140625,0.01396336948640079,0.0010402621977517227,-0.007660585909518607
2022-06-29,2381.4775390625,3290.5,1343.949951171875,0.020537757911550037,-0.008367840358034097,-0.0014499497009368353
2022-06-30,2395.7841796875,3267.10009765625,1348.0,0.005989491150769611,-0.007136757751230165,0.0030090097939379544
2022-07-01,2223.229248046875,3315.10009765625,1353.75,-0.07474984574840186,0.014585047390566052,0.0042565068429479425
2022-07-04,2227.84423828125,3235.050048828125,1355.6500244140625,0.0020736534241773876,-0.02444341967594136,0.0014025427832046232
2022-07-05,2245.888916015625,3216.300048828125,1352.5999755859375,0.008066987890713381,-0.005812753147806076,-0.002252414007293821
2022-07-06,2226.13671875,3260.75,1371.25,-0.00883372651459847,0.013725584538630235,0.013694084498328991
2022-07-07,2204.215576171875,3287.85009765625,1395.800048828125,-0.009895972154735642,0.008276655149238494,0.017745029975789254
2022-07-08,2207.261474609375,3265.449951171875,1397.0999755859375,0.0013808975481232498,-0.006836321717971684,0.0009308796163977294
2022-07-11,2237.259033203125,3113.800048828125,1406.1500244140625,0.01349887532373909,-0.047553702744884005,0.006456848493822646
2022-07-12,2234.074462890625,3084.699951171875,1391.800048828125,-0.001424438974971092,-0.009389468887572397,-0.010257582181984116
2022-07-13,2194.477783203125,3038.75,1357.8499755859375,-0.01788292549335825,-0.015008145418869913,-0.02469536000929498
2022-07-14,2212.568603515625,2998.75,1351.050048828125,0.008209998416696769,-0.013250711476428832,-0.0050204444454378695
2022-07-15,2216.860595703125,2994.60009765625,1362.050048828125,0.001937944298338612,-0.0013848358395035362,0.008108849565428403
2022-07-18,2235.736083984375,3063.5,1347.550048828125,0.008478468952005519,0.022747353851308577,-0.010702788523278722
2022-07-19,2249.442626953125,3074.25,1348.050048828125,0.006111946265881514,0.003502915886847296,0.00037097491291011663
2022-07-20,2310.26806640625,3164.800048828125,1365.050048828125,0.026681099690031147,0.02902890880433874,0.012531953761243433
2022-07-21,2294.85400390625,3177.300048828125,1360.75,-0.006694337230857049,0.003941917028642178,-0.00315507544072656
2022-07-22,2310.360595703125,3171.0,1392.5,0.006734387753698707,-0.0019847993471901896,0.02306467448712968
2022-07-25,2234.0283203125,3166.75,1396.5999755859375,-0.03359723686759966,-0.001341170174605442,0.0029400011294255
2022-07-26,2235.043701171875,3115.89990234375,1393.75,0.0004544034519762901,-0.016187821655529643,-0.0020427377224357377
2022-07-27,2232.9208984375,3188.85009765625,1404.4000244140625,-0.0009502326380523573,0.02314237713125261,0.007612226469828843
2022-07-28,2267.902587890625,3260.5,1416.8499755859375,0.015544885944233859,0.02222017699379206,0.008825897732594875
2022-07-29,2316.221435546875,3301.89990234375,1434.199951171875,0.021081732066012885,0.012617472936497339,0.012171087992073427
2022-08-01,2376.585693359375,3298.800048828125,1446.1500244140625,0.025727708718822455,-0.0009392500087700748,0.00829770125768237
2022-08-02,2385.631103515625,3291.800048828125,1430.25,0.003798827907252409,-0.0021242383177568006,-0.011055615511970209
2022-08-03,2405.66015625,3339.5,1433.5999755859375,0.00836065616491244,0.014386552722463137,0.0023394920421291395
2022-08-04,2373.86279296875,3354.949951171875,1431.9000244140625,-0.013305860333968082,0.0046157574453268785,-0.0011864954606900006
2022-08-05,2338.881103515625,3365.050048828125,1427.050048828125,-0.014845844677144195,0.0030059837088006964,-0.003392840108552657
2022-08-08,2369.478515625,3374.449951171875,1462.050048828125,0.012997241210911534,0.002789497273991832,0.024230183226831438
2022-08-10,2383.646728515625,3354.25,1466.300048828125,0.005961658540856035,-0.006004135123228998,0.002902660434905209
2022-08-11,2391.58447265625,3422.5,1485.699951171875,0.0033245516781528067,0.020143079692022968,0.013143754494645077
2022-08-12,2430.258056640625,3401.550048828125,1485.1500244140625,0.016041342309052468,-0.006140053733529781,-0.00037021510248765846
2022-08-16,2447.14892578125,3392.699951171875,1502.1500244140625,0.006926195302448787,-0.0026051742757972835,0.01138163775925359
2022-08-17,2459.9326171875,3401.10009765625,1509.9000244140625,0.005210315017025929,0.00247288725152222,0.0051460081850756515
2022-08-18,2456.379150390625,3381.25,1511.699951171875,-0.0014455826170823613,-0.00585347381000751,0.0011913734347714542
2022-08-19,2412.582763671875,3385.75,1493.050048828125,-0.017990515737049628,0.001329983940689138,-0.012413772754265842
2022-08-22,2405.890869140625,3354.550048828125,1470.3499755859375,-0.0027776011009161615,-0.009257799736810766,-0.015320589233801647
2022-08-23,2442.99560546875,3284.60009765625,1465.800048828125,0.015304734721381753,-0.021072739163659517,-0.0030992492631150476
2022-08-24,2436.48828125,3255.35009765625,1472.8499755859375,-0.0026672198239054657,-0.008945081892527127,0.0047980809040034005
2022-08-25,2429.38134765625,3218.199951171875,1464.8499755859375,-0.0029211381271623906,-0.01147764488992911,-0.005446451243386069
2022-08-26,2416.4130859375,3222.199951171875,1465.0999755859375,-0.005352390761147098,0.0012421590506714434,0.00017065137956153267
2022-08-29,2397.630126953125,3132.550048828125,1439.4000244140625,-0.007803442332074501,-0.02821695598110851,-0.017697105808534522
2022-08-30,2434.826904296875,3211.14990234375,1486.0999755859375,0.015394865072758734,0.024781713083883196,0.03192884530126559
2022-09-01,2363.248291015625,3131.699951171875,1472.1500244140625,-0.029838600303691506,-0.025053125515209794,-0.009431288481235593
2022-09-02,2335.650634765625,3130.39990234375,1485.5,-0.011746570427088234,-0.0004152117906815768,0.00902748204765131
2022-09-05,2371.924560546875,3133.39990234375,1495.050048828125,0.015411179729836156,0.0009578850930519876,0.0064082678387729596
2022-09-06,2396.8916015625,3127.050048828125,1489.3499755859375,0.010471055410087549,-0.00202856208184865,-0.0038199169861504565
2022-09-07,2382.954345703125,3149.60009765625,1482.300048828125,-0.0058316922813155345,0.007185407924136263,-0.004744798294686715
2022-09-08,2386.3232421875,3169.64990234375,1497.5999755859375,0.001412749408107255,0.006345649235807109,0.010268841960604244
2022-09-09,2371.463134765625,3217.64990234375,1498.5999755859375,-0.006246667910525666,0.015030108208787127,0.0006675122177610523
2022-09-12,2397.999267578125,3242.949951171875,1493.550048828125,0.01112763007283086,0.007832145228715896,-0.0033754534440991837
2022-09-13,2418.0283203125,3229.35009765625,1513.0999755859375,0.008317713237091242,-0.004202485493092968,0.013004641127532426
2022-09-14,2389.046142578125,3120.39990234375,1528.6500244140625,-0.01205828165544631,-0.034319741397575966,0.010224498591411037
2022-09-15,2365.371337890625,3104.35009765625,1520.699951171875,-0.009959159230870405,-0.005156782281823694,-0.0052142858763744
2022-09-16,2306.7607421875,3008.699951171875,1492.75,-0.025090759210595358,-0.03129630960297155,-0.01855066661033161
2022-09-19,2309.760498046875,3028.800048828125,1502.5999755859375,0.0012995743441706557,0.006658442043041168,0.006576868260079645
2022-09-20,2310.129638671875,3040.300048828125,1520.699951171875,0.00015980493685398013,0.0037896932257898202,0.01197379835025201
2022-09-21,2316.49853515625,3001.199951171875,1518.3499755859375,0.0027531499260449576,-0.012944018400085836,-0.00154652020266027
2022-09-22,2294.66943359375,3007.39990234375,1486.0,-0.009467998033910583,0.0020636932141936816,-0.021536256557068673
2022-09-23,2251.65771484375,2982.050048828125,1446.1500244140625,-0.018922088395200397,-0.008464885787817756,-0.027183076617096097
2022-09-26,2194.293212890625,2994.39990234375,1426.6500244140625,-0.025806711101766563,0.004132845148842009,-0.013575813951243689
2022-09-27,2211.738037109375,3017.449951171875,1413.8499755859375,0.007918652585687115,0.007668242666942564,-0.009012593184507348
2022-09-28,2152.8505859375,3035.64990234375,1389.550048828125,-0.026985830681222928,0.006013449788436817,-0.017336473683224003
2022-09-29,2146.251220703125,2997.300048828125,1382.3499755859375,-0.0030701159054983256,-0.01271363773485155,-0.00519505708871145
2022-09-30,2194.66259765625,3004.550048828125,1421.3499755859375,0.022305618669789983,0.0024159228932293265,0.027822175258026247
2022-10-03,2187.0478515625,2984.949951171875,1413.199951171875,-0.0034756992036864714,-0.0065448426814678565,-0.005750505077419843
2022-10-04,2227.3828125,3091.14990234375,1453.0,0.01827464809488322,0.034960178437388426,0.02777378263675451
2022-10-06,2235.597412109375,3101.949951171875,1437.0,0.003681221279305905,0.003487771885395557,-0.011072777491258002
2022-10-07,2245.058349609375,3064.89990234375,1430.800048828125,0.004223020943176539,-0.012016019684464651,-0.004323844567712647
2022-10-10,2220.552734375,3118.550048828125,1415.0,-0.010975367431628538,0.01735325529646119,-0.011104231433974382
2022-10-11,2176.3408203125,3069.550048828125,1400.6500244140625,-0.020111200631328763,-0.015837178904256424,-0.010193099076442287
2022-10-12,2192.35498046875,3100.75,1409.800048828125,0.007331355907996903,0.010113030755367538,0.0065114529736676665
2022-10-13,2199.32373046875,3103.300048828125,1393.5999755859375,0.0031736182483759093,0.0008220594455754722,-0.011557575395026661
2022-10-14,2188.1552734375,3099.14990234375,1439.0,-0.005091069903343496,-0.0013382283247445424,0.03205811830783112
2022-10-17,2223.275390625,3111.75,1446.550048828125,0.015922661767820374,0.004057420064816888,0.005233016880568526
2022-10-18,2262.5029296875,3144.699951171875,1443.8499755859375,0.01749018174894046,0.010533211669314143,-0.0018683047362156755
2022-10-19,2301.868896484375,3121.85009765625,1458.6500244140625,0.01724966519220539,-0.007292674472023812,0.010198227114366215
2022-10-20,2308.052978515625,3157.300048828125,1448.800048828125,0.0026829460057914687,0.011291441354289366,-0.0067757058744232065
2022-10-21,2281.285888671875,3137.39990234375,1438.5999755859375,-0.011665032433139705,-0.006322847137017443,-0.007065259809117429
2022-10-24,2288.900634765625,3161.699951171875,1461.050048828125,0.0033323598944030564,0.007715441868721192,0.015484987257279951
2022-10-25,2253.5498046875,3162.10009765625,1450.9000244140625,-0.01556496619825167,0.000126552541768969,-0.006971318371346792
2022-10-27,2262.41064453125,3157.39990234375,1454.4000244140625,0.00392423774057936,-0.0014875215378383154,0.002409390861081385
2022-10-28,2331.6357421875,3163.25,1458.699951171875,0.030139154857528265,0.0018511069010717892,0.0029521334088795587
2022-10-31,2353.280029296875,3193.14990234375,1496.699951171875,0.009240055600370096,0.009407879722801491,0.025717057292804636
2022-11-01,2335.05078125,3259.699951171875,1513.25,-0.007776473397042716,0.02062729181485288,0.010997003860551554
2022-11-02,2349.634033203125,3241.699951171875,1514.199951171875,0.006225946733892697,-0.005537283127513546,0.0006275586505956906
2022-11-03,2358.402587890625,3206.75,1507.550048828125,0.003724934843095525,-0.01083990529955357,-0.004401365486168969
2022-11-04,2393.107421875,3217.39990234375,1497.1500244140625,0.014608177642546287,0.00331558642371078,-0.0069225318284932506
2022-11-07,2405.890869140625,3233.699951171875,1508.800048828125,0.005327560764290877,0.005053427752251887,0.007751348133687449
2022-11-09,2403.4912109375,3216.050048828125,1508.3499755859375,-0.0009979071582606857,-0.005473063731603008,-0.000298343298731591
2022-11-10,2374.416748046875,3205.64990234375,1524.75,-0.012170524011398317,-0.0032390661838007265,0.01081414023387983
2022-11-11,2429.150634765625,3315.949951171875,1611.1500244140625,0.022789835676073775,0.03382929656803661,0.0551177626887902
2022-11-14,2417.38232421875,3335.5,1615.050048828125,-0.004856392714401202,0.005878449141014578,0.0024177212976764888
2022-11-15,2406.537109375,3332.60009765625,1619.0,-0.004496440400963522,-0.0008697837417256291,0.002442728514602728
2022-11-16,2392.73828125,3355.35009765625,1632.9000244140625,-0.005750395643397492,0.006803306569024942,0.008548915381980788
2022-11-17,2398.92236328125,3349.0,1618.1500244140625,0.0025811867423350754,-0.0018943221826647732,-0.009074053604837406
2022-11-18,2397.630126953125,3343.449951171875,1613.9000244140625,-0.0005388188128952991,-0.0016586004052167023,-0.002629911285631776
2022-11-21,2354.47998046875,3283.5,1597.3499755859375,-0.018160914406409222,-0.018093266757960653,-0.010307634323747688
2022-11-22,2367.540283203125,3314.949951171875,1595.0,0.0055316730162983776,0.009532599189255477,-0.0014722546264540697
2022-11-23,2360.15625,3308.300048828125,1599.1500244140625,-0.003123736540849695,-0.002008048791231207,0.0025985171125483884
2022-11-24,2380.508544921875,3380.14990234375,1625.1500244140625,0.008586314722186777,0.021485581270432593,0.016127880887210982
2022-11-25,2416.0439453125,3389.64990234375,1617.6500244140625,0.014817329996924717,0.0028065840970102,-0.004625640347790474
2022-11-28,2499.06787109375,3395.25,1600.25,0.03378634159310804,0.001650753587683174,-0.01081462684880105
2022-11-29,2503.359619140625,3397.35009765625,1597.8499755859375,0.001715866590063609,0.0006183487009310898,-0.0015009067151951824
2022-11-30,2521.03515625,3390.800048828125,1608.449951171875,0.007035916092239421,-0.0019298485506799952,0.006611991670092404
2022-12-01,2513.60498046875,3475.64990234375,1619.5,-0.0029516235416379988,0.02471558763517586,0.006846507634374064
2022-12-02,2512.54345703125,3439.14990234375,1607.0999755859375,-0.00042240035943359104,-0.010557164353388675,-0.007686162247737106
2022-12-05,2475.900390625,3425.89990234375,1612.949951171875,-0.01469144551094979,-0.0038601370215139447,0.0036334728684379917
2022-12-06,2483.0537109375,3385.35009765625,1611.1500244140625,0.002885013705551449,-0.011906855205530587,-0.0011165453667290814
2022-12-07,2446.41064453125,3380.60009765625,1610.449951171875,-0.01486723047778117,-0.0014040897858407526,-0.0004346121545272078
2022-12-08,2445.2568359375,3350.550048828125,1619.5,-0.0004717445001134706,-0.008928711382488144,0.005603846900555371
2022-12-09,2408.198486328125,3292.75,1631.050048828125,-0.015271210856455008,-0.017401444141686595,0.007106549515602976
2022-12-12,2411.890380859375,3286.449951171875,1643.75,0.0015318785005597327,-0.001915141901895286,0.0077562077990877085
2022-12-13,2422.874267578125,3332.10009765625,1648.300048828125,0.004543718842448096,0.01379482517164177,0.00276426643455913
2022-12-14,2414.105712890625,3365.35009765625,1662.25,-0.003625635966366672,0.009929233426292407,0.008427622921930463
2022-12-15,2379.816162109375,3305.10009765625,1631.800048828125,-0.014305671414536624,-0.01806523901392716,-0.01848837636500367
2022-12-16,2368.0478515625,3240.25,1639.6500244140625,-0.004957317485712792,-0.019816272257783294,0.0047990893801944995
2022-12-19,2399.153076171875,3202.050048828125,1644.75,0.013049865743872301,-0.01185924237924626,0.0031055776683521436
2022-12-20,2419.920654296875,3243.949951171875,1633.4000244140625,0.008618962003467462,0.01300046306994054,-0.006924650095156898
2022-12-21,2385.49267578125,3268.550048828125,1617.5999755859375,-0.014329076488719948,0.007554768417468344,-0.009720192697512033
2022-12-22,2379.30859375,3259.699951171875,1612.050048828125,-0.0025957370113541245,-0.002711324804619859,-0.003436862928706097
2022-12-23,2309.52978515625,3228.35009765625,1597.6500244140625,-0.029765991046460147,-0.009663950575169477,-0.008972876406214537
2022-12-26,2329.697265625,3252.89990234375,1629.449951171875,0.00869438261589775,0.007575675093098948,0.019708689743335398
2022-12-27,2348.75732421875,3259.5,1631.0999755859375,0.008148059868393856,0.002026933239637252,0.001012114270280027
2022-12-28,2348.526611328125,3257.10009765625,1629.800048828125,-9.823246538906086e-05,-0.0007365504761018459,-0.0007972810064332233
2022-12-29,2347.465087890625,3268.75,1641.300048828125,-0.00045209767119362443,0.0035703899247407304,0.0070313026418543905
2022-12-30,2351.064697265625,3256.699951171875,1628.1500244140625,0.0015322282687715498,-0.003693251075491218,-0.00804422458236727
2023-01-02,2377.554931640625,3261.449951171875,1628.699951171875,0.011204331741116005,0.0014574690401420146,0.00033770469451235185
2023-01-03,2360.15625,3311.35009765625,1639.3499755859375,-0.007344795488497088,0.015184123919252702,0.006517686298566726
2023-01-04,2324.620849609375,3314.64990234375,1610.050048828125,-0.015170874168762304,0.0009960171929663817,-0.018034542174275175
2023-01-05,2320.46728515625,3311.10009765625,1599.699951171875,-0.001788368891885654,-0.0010715179495581844,-0.0064491835997425905
2023-01-06,2341.557861328125,3211.550048828125,1594.4000244140625,0.009047879146554774,-0.030526788111250674,-0.003318575913281053
2023-01-09,2396.845458984375,3319.949951171875,1597.5,0.023337020134183976,0.033196006019381365,0.0019424020407226774
2023-01-10,2361.40234375,3286.39990234375,1568.300048828125,-0.01489782467709994,-0.010156996829702936,-0.018447645976882338
2023-01-11,2331.6357421875,3328.699951171875,1590.9000244140625,-0.012685599476275712,0.0127891116741324,0.014307647882456172
2023-01-12,2281.285888671875,3334.35009765625,1599.4000244140625,-0.021830786294258914,0.001695964399864981,0.005328665005038902
2023-01-13,2277.593994140625,3374.550048828125,1600.6500244140625,-0.0016196501918103272,0.011984209460169449,0.0007812378209734953
2023-01-16,2255.903564453125,3334.050048828125,1585.300048828125,-0.009569033584537373,-0.012074200708965614,-0.009636117333536268
2023-01-17,2287.931640625,3378.39990234375,1608.9000244140625,0.01409760925288341,0.013214399869494397,0.01477703618163075
2023-01-18,2284.147216796875,3390.0,1637.300048828125,-0.001655450315015665,0.0034277256608275645,0.017497842636420215
2023-01-19,2281.701416015625,3373.10009765625,1644.0999755859375,-0.0010713456410317269,-0.004997689602492031,0.004144533699540551
2023-01-20,2254.565185546875,3363.10009765625,1660.949951171875,-0.011964267777827647,-0.0029690350809146605,0.01019659124718589
2023-01-23,2243.166015625,3414.89990234375,1673.0999755859375,-0.005068864197945975,0.015284984711087019,0.007288480056988264
2023-01-24,2229.921142578125,3436.300048828125,1695.5,-0.005922045015995478,0.006247143926649411,0.013299504094187665
2023-01-25,2199.0927734375,3429.75,1648.6500244140625,-0.013921323170387764,-0.0019079531225516513,-0.028020896574156746
2023-01-27,2157.373291015625,3411.050048828125,1615.800048828125,-0.01915348689384404,-0.005467196122442098,-0.02012656572676489
2023-01-30,2178.048583984375,3433.64990234375,1614.1500244140625,0.00953791824824868,0.00660363078134637,-0.00102170282523367
2023-01-31,2172.602783203125,3358.699951171875,1603.5,-0.0025034428943187747,-0.022069827074597145,-0.0066197773063282955
2023-02-01,2159.72705078125,3408.35009765625,1627.550048828125,-0.005944039731637344,0.014674352067965708,0.014887106444808493
2023-02-02,2147.774169921875,3460.39990234375,1603.3499755859375,-0.005549812258385609,0.015155829226584575,-0.014980671416861647
2023-02-03,2149.666259765625,3482.300048828125,1658.800048828125,0.0008805660006077709,0.006308847934287379,0.03399930364688128
2023-02-06,2133.467529296875,3459.949951171875,1651.75,-0.007563997997437157,-0.00643888505149476,-0.004259146898042723
2023-02-07,2128.344970703125,3472.550048828125,1654.199951171875,-0.0024039354432642914,0.0036350844661768964,0.001482146830143357
2023-02-08,2170.84912109375,3520.10009765625,1654.0,0.019773722423908298,0.013600217587884466,-0.00012088215650183784
2023-02-09,2174.63330078125,3540.85009765625,1650.550048828125,0.0017416619268892945,0.0058774128575621466,-0.0020880013159482996
2023-02-10,2156.727294921875,3537.550048828125,1657.0999755859375,-0.008268121515583194,-0.0009324279495158134,0.003960476635054822
2023-02-13,2144.451416015625,3482.39990234375,1658.3499755859375,-0.0057081619079023815,-0.0157127277347454,0.0007540455006934052
2023-02-14,2194.985595703125,3500.10009765625,1673.699951171875,0.023291714622485672,0.005069884203622733,0.009213597942393863
2023-02-15,2244.68896484375,3520.64990234375,1670.300048828125,0.022391481685693278,0.005854036498620378,-0.0020334351167820204
2023-02-16,2242.935302734375,3558.050048828125,1664.25,-0.0007815548245917657,0.010567051791466553,-0.003628708748235264
2023-02-17,2252.3037109375,3501.14990234375,1655.9000244140625,0.004168152900493169,-0.01612119764331154,-0.0050298890886928535
2023-02-20,2228.490478515625,3487.300048828125,1640.3499755859375,-0.010629123147692474,-0.003963646229055817,-0.009435063592840381
2023-02-21,2246.673583984375,3451.0,1646.5,0.008126274378695985,-0.010463767718625207,0.003742204017139194
2023-02-22,2195.723876953125,3401.550048828125,1614.199951171875,-0.02293893852708418,-0.014432819668929254,-0.019812375175264654
2023-02-23,2185.20166015625,3413.800048828125,1603.25,-0.004803659382570507,0.0035948302043175297,-0.006806628612182012
2023-02-24,2200.154296875,3400.449951171875,1588.949951171875,0.006819375581604403,-0.003918293205153054,-0.008959429048163797
2023-02-27,2185.524658203125,3331.85009765625,1592.9000244140625,-0.006671574953545744,-0.020380026852131604,0.0024828796465856252
2023-02-28,2143.712890625,3312.85009765625,1599.5999755859375,-0.019316596607908267,-0.005718859007918424,0.0041973130826643045
2023-03-01,2163.4189453125,3385.699951171875,1598.050048828125,0.00915049408258823,0.02175178965966618,-0.0009694162071269612
2023-03-02,2146.943359375,3321.449951171875,1584.449951171875,-0.00764467810843791,-0.0191592453764202,-0.008546853382732705
2023-03-03,2201.723388671875,3342.14990234375,1615.9000244140625,0.02519527492556018,0.006212863380500548,0.019654778966650223
2023-03-06,2223.229248046875,3371.85009765625,1627.300048828125,0.009720343005778882,0.008847300876820145,0.007030137585326763
2023-03-08,2231.21337890625,3390.39990234375,1630.550048828125,0.0035847984038472965,0.005486295601524122,0.001995181472872289
2023-03-09,2177.5869140625,3336.85009765625,1630.699951171875,-0.024328210038396355,-0.015920602257603104,9.19293791371388e-05
2023-03-10,2143.851318359375,3331.0,1588.6500244140625,-0.015613450533853247,-0.0017547182589966986,-0.026124726198592907
2023-03-13,2108.5927734375,3281.949951171875,1568.550048828125,-0.016583100054004492,-0.014834816150510771,-0.012732957483418522
2023-03-14,2100.701171875,3214.949951171875,1564.3499755859375,-0.0037496126006338055,-0.02062595277975125,-0.0026812702133641522
2023-03-15,2064.79638671875,3198.89990234375,1541.9000244140625,-0.01723956089085893,-0.005004820099246716,-0.014454948617750506
2023-03-16,2054.5048828125,3185.0,1551.9000244140625,-0.004996733497008876,-0.004354681157907255,0.006464564398243932
2023-03-17,2051.920654296875,3179.300048828125,1572.6500244140625,-0.0012586269169720453,-0.0017912268913046622,0.01328210764731208
2023-03-20,2031.7530517578125,3143.300048828125,1561.75,-0.00987726638010277,-0.01138784313163118,-0.006955122682935734
2023-03-21,2094.932373046875,3106.10009765625,1579.449951171875,0.03062228000036543,-0.011905267602656958,0.011269666865562269
2023-03-22,2101.301025390625,3130.800048828125,1575.800048828125,0.0030354161120075876,0.007920627146065916,-0.00231354344140921
2023-03-23,2074.71875,3124.64990234375,1563.1500244140625,-0.012731086469219624,-0.001966332882204014,-0.00806007907278356
2023-03-24,2033.6451416015625,3120.5,1560.6500244140625,-0.019995783244176932,-0.0013290002704349313,-0.001600614952728031
2023-03-27,2065.2578125,3122.300048828125,1567.449951171875,0.01542524820519056,0.000576679971785436,0.004347647148057324
2023-03-28,2074.9033203125,3115.89990234375,1580.199951171875,0.004659492688379219,-0.002051921637670862,0.00810132646828895
2023-03-29,2062.62744140625,3138.89990234375,1587.800048828125,-0.005933932886192934,0.0073543852352829795,0.004798050654407918
2023-03-31,2151.558349609375,3205.89990234375,1609.550048828125,0.04221176627021419,0.021120442762214392,0.013605226098077195
2023-04-03,2151.927490234375,3200.0,1610.550048828125,0.0001715542421391081,-0.001842021917891886,0.0006210987247724279
2023-04-05,2146.7587890625,3239.800048828125,1653.75,-0.002404782915954178,0.012360804769558744,0.02646967056324068
2023-04-06,2161.157470703125,3220.699951171875,1666.3499755859375,0.006684779550469928,-0.0059129025013587595,0.007590154615454289
2023-04-10,2145.835693359375,3263.39990234375,1658.449951171875,-0.007114867098284639,0.013170854676256501,-0.004752189277835877
2023-04-11,2156.4501953125,3213.800048828125,1663.300048828125,0.004934364551573968,-0.015315513931353702,0.0029202083858795086
2023-04-12,2165.957275390625,3241.64990234375,1684.9000244140625,0.0043989815738325125,0.008628376490748156,0.012902619181593867
2023-04-13,2174.125732421875,3188.85009765625,1692.449951171875,0.003764198362832346,-0.016422048452204005,0.004470925067750117
2023-04-17,2185.155517578125,3139.5,1666.6500244140625,0.005060379480349965,-0.015596829285300842,-0.015361516055296178
2023-04-18,2160.142333984375,3130.75,1659.5999755859375,-0.011512886219483947,-0.0027909591100222287,-0.004239043598809854
2023-04-19,2170.895263671875,3089.60009765625,1665.699951171875,0.004965531487164564,-0.013230928161836266,0.0036688314212832314
2023-04-20,2165.4033203125,3104.800048828125,1671.9000244140625,-0.0025330111335433703,0.0049076524990479126,0.0037152926770010557
2023-04-21,2168.126220703125,3160.85009765625,1674.5999755859375,0.0012566665223761454,0.017891692866333114,0.0016135973451043696
2023-04-24,2176.433349609375,3174.800048828125,1688.1500244140625,0.0038241570384974664,0.004403643948939456,0.008058953037832708
2023-04-25,2193.09326171875,3176.0,1664.1500244140625,0.0076255367323366345,0.00037788977040014316,-0.014318772009356636
2023-04-26,2180.217529296875,3198.14990234375,1671.800048828125,-0.0058883396310050445,0.006949943706865473,0.004586422252207002
2023-04-27,2194.016357421875,3187.949951171875,1681.0,0.0063091614462248355,-0.0031944254175473295,0.005487934936642587
2023-04-28,2234.12060546875,3219.25,1687.5999755859375,0.018113868172912384,0.009770351497548712,0.003918532374832542
2023-05-02,2253.08837890625,3219.39990234375,1687.25,0.008454202368511526,4.656328455525003e-05,-0.0002074021599322865
2023-05-03,2233.75146484375,3179.89990234375,1693.1500244140625,-0.008619444622555775,-0.012345257410038056,0.003490729122308733
2023-05-04,2259.503173828125,3220.699951171875,1727.800048828125,0.01146251125857847,0.012748993027607437,0.020258237439246415
2023-05-05,2253.734375,3230.699951171875,1625.6500244140625,-0.0025563919059750284,0.003100104833135679,-0.06094120038187508
2023-05-08,2281.56298828125,3250.60009765625,1644.449951171875,0.012272166658295171,0.006140807822451962,0.011498201292783854
2023-05-09,2288.623779296875,3283.25,1644.5,0.003089937892072237,0.00999416075366363,3.0434533131879528e-05
2023-05-10,2304.361083984375,3286.800048828125,1652.0999755859375,0.006852783861506605,0.0010806764475882154,0.004610804529840126
2023-05-11,2289.316162109375,3282.14990234375,1653.199951171875,-0.0065502972292478855,-0.0014157962218316242,0.0006655829431031576
2023-05-12,2293.05419921875,3274.300048828125,1667.800048828125,0.0016314866079197596,-0.0023945450128975572,0.008792647827796313
2023-05-15,2297.576904296875,3255.050048828125,1675.800048828125,0.0019704073097691855,-0.005896469169604981,0.004785270386537503
2023-05-16,2264.856689453125,3258.14990234375,1647.300048828125,-0.01434356255341384,0.0009518681363743705,-0.017153078722145658
2023-05-17,2251.47314453125,3208.699951171875,1638.449951171875,-0.005926752292291945,-0.015293664190268192,-0.005386970437994663
2023-05-18,2246.62744140625,3199.85009765625,1645.0,-0.002154556087373349,-0.002761891246470437,0.003989741043223824
2023-05-19,2253.9189453125,3222.85009765625,1646.9000244140625,0.0032402778060316383,0.007162127335218292,0.0011543635049435202
2023-05-22,2265.964111328125,3298.699951171875,1641.050048828125,0.00532986998960068,0.02326234510051494,-0.0035584370982240762
2023-05-23,2265.548828125,3297.050048828125,1637.199951171875,-0.00018328677853789415,-0.0005002925757231704,-0.0023488748121104843
2023-05-24,2252.349853515625,3303.35009765625,1615.800048828125,-0.005842987234141794,0.001908990546497013,-0.013157215529309537
2023-05-25,2252.072998046875,3293.5,1609.5999755859375,-0.0001229260565546289,-0.0029863055339183543,-0.003844534527134016
2023-05-26,2313.498779296875,3328.89990234375,1615.800048828125,0.026909877205963606,0.010691060656437799,0.0038445345271340982
2023-05-29,2326.512939453125,3320.35009765625,1635.5,0.00560955233371845,-0.0025716612849476096,0.012118347713666898
2023-05-30,2325.9130859375,3316.199951171875,1636.75,-0.0002578669776479526,-0.0012506941090850792,0.0007640003427622171
2023-05-31,2279.716796875,3289.5,1610.8499755859375,-0.020061463722914088,-0.008083956817100117,-0.015950593504877975
2023-06-01,2273.578857421875,3324.0,1604.0,-0.0026960442005176505,0.010433299449286329,-0.004261465389862966
2023-06-02,2266.148681640625,3305.60009765625,1606.5,-0.0032734045609357294,-0.0055508475073497675,0.0015573901294533177
2023-06-05,2286.5009765625,3288.89990234375,1604.4000244140625,0.008940916622130328,-0.005064896812063821,-0.001308029443072967
2023-06-06,2288.439208984375,3232.300048828125,1599.4000244140625,0.0008473258487456825,-0.017359159434126428,-0.00312129595053743
2023-06-07,2305.791748046875,3274.89990234375,1607.699951171875,0.007554091965452202,0.013093331210612442,0.0051759816351955494
2023-06-08,2307.176025390625,3236.449951171875,1608.699951171875,0.0006001678109578704,-0.011810269440389824,0.000621813246227482
2023-06-09,2290.839111328125,3209.300048828125,1610.5999755859375,-0.007106102230351877,-0.008424174969614224,0.001180396159354058
2023-06-12,2292.86962890625,3246.89990234375,1600.800048828125,0.000885971524814533,0.011647804870037257,-0.006103230431229397
2023-06-13,2326.74365234375,3243.699951171875,1603.5,0.014665569823876701,-0.000986026408454082,0.0016852053613594382
2023-06-14,2355.356689453125,3251.050048828125,1601.75,0.012222460530393883,0.0022633976039446633,-0.001091958614078716
2023-06-15,2356.0029296875,3216.300048828125,1582.050048828125,0.00027433280015489814,-0.010746390376172851,-0.012375276264566732
2023-06-16,2378.939453125,3174.89990234375,1602.75,0.00968827115078923,-0.012955540702816935,0.01299939861280251
2023-06-19,2355.310546875,3210.39990234375,1604.1500244140625,-0.009982194627088985,0.011119404525043964,0.0008731326155150428
2023-06-20,2360.202392578125,3227.699951171875,1607.5,0.0020747891144753602,0.005374284606145049,0.0020861406288925125
2023-06-21,2366.84814453125,3258.199951171875,1635.5999755859375,0.0028117982998114408,0.009405086505707424,0.01732951745204202
2023-06-22,2340.265625,3238.5,1643.5999755859375,-0.011294735342650993,-0.0060646210228700315,0.004879248591421042
2023-06-23,2321.113525390625,3216.35009765625,1643.5,-0.008217399513255376,-0.006863053037545876,-6.0829050963367834e-05
2023-06-26,2303.391845703125,3189.64990234375,1635.550048828125,-0.0076642862381372245,-0.00833604431092388,-0.004848945048272099
2023-06-27,2304.22265625,3197.35009765625,1658.5999755859375,0.0003606250286463576,0.0024112099712546384,0.013994689241420635
2023-06-28,2334.727783203125,3215.449951171875,1676.1500244140625,0.01315192609364053,0.005644929341560491,0.010525653112068527
2023-06-30,2353.8798828125,3302.25,1701.4000244140625,0.008169677438128988,0.026636752716655946,0.014951944481689005
2023-07-03,2414.290283203125,3272.300048828125,1719.800048828125,0.025340384629359194,-0.009110937821117472,0.010756577477361957
2023-07-04,2389.41552734375,3308.85009765625,1728.199951171875,-0.010356578515098051,0.011107610009247619,0.004872342785010029
2023-07-05,2385.49267578125,3319.949951171875,1673.300048828125,-0.0016431111461005848,0.0033489813565725844,-0.03228262247228869
2023-07-06,2435.5654296875,3322.89990234375,1675.0,0.02077326323366722,0.0008881583750474888,0.0010154115779037092
2023-07-07,2430.81201171875,3329.25,1660.4000244140625,-0.0019535761612215746,0.0019091871585312163,-0.008754613376559766
2023-07-10,2524.4501953125,3271.949951171875,1656.449951171875,0.03779793185270037,-0.017360930873218283,-0.0023818231989305317
2023-07-11,2551.817138671875,3272.39990234375,1648.4000244140625,0.01078241420295338,0.00013750828811266643,-0.004871593408250933
2023-07-12,2554.63232421875,3259.89990234375,1632.949951171875,0.0011026000952488206,-0.0038271407103281983,-0.009416970169074928
2023-07-13,2531.7880859375,3340.550048828125,1641.0999755859375,-0.008982502443188852,0.024438988602675592,0.004978568702586008
2023-07-14,2529.665283203125,3514.64990234375,1644.5,-0.0008388115839555222,0.05080444055457129,0.002069652820174952
2023-07-17,2581.353271484375,3491.699951171875,1678.9000244140625,0.02022679039221116,-0.006551209612082213,0.020702444954942025
2023-07-18,2603.2744140625,3496.85009765625,1677.5,0.008456257434915456,0.0014738815292752892,-0.000834241738216865
2023-07-19,2623.026611328125,3470.050048828125,1685.0999755859375,0.007558803526840217,-0.0076935740309625085,0.0045203048724616725
2023-07-20,2619.85009765625,3463.300048828125,1688.75,-0.0012117447107276792,-0.0019471112917997353,0.002163715556110127
2023-07-21,2538.75,3368.300048828125,1675.75,-0.03144526758870937,-0.027813725312526714,-0.007727784036341553
2023-07-24,2487.39990234375,3394.75,1678.4000244140625,-0.02043388493532684,0.007821940052932536,0.0015801469499990854
2023-07-25,2485.800048828125,3399.14990234375,1696.5999755859375,-0.0006433900050354375,0.0012952510405301186,0.010785260795575086
2023-07-26,2526.199951171875,3388.300048828125,1690.699951171875,0.016121619056957175,-0.003197036540991751,-0.003483618521140073
2023-07-27,2502.699951171875,3396.89990234375,1673.1500244140625,-0.009346048445512251,0.00253488716102231,-0.010434523608475296
2023-07-28,2527.85009765625,3355.39990234375,1643.5,0.00999904812975316,-0.01229226300737014,-0.017879977749751565
2023-07-31,2549.25,3421.449951171875,1651.199951171875,0.008430020548904871,0.019493464308878418,0.004674152611672521
2023-08-01,2513.199951171875,3452.050048828125,1662.25,-0.014242376144209899,0.00890384805901778,0.006669839566617725
2023-08-02,2486.35009765625,3440.64990234375,1640.5,-0.010741011247151374,-0.003307892976718563,-0.013171032881408029
2023-08-03,2475.89990234375,3399.949951171875,1628.6500244140625,-0.0042118840289541055,-0.011899667370929333,-0.007249607633262259
2023-08-04,2509.550048828125,3443.550048828125,1652.199951171875,0.013499546817113937,0.012742218916936434,0.014356237807111894
2023-08-07,2523.85009765625,3484.050048828125,1651.25,0.005682078470313001,0.011692494035216413,-0.0005751267384708769
2023-08-08,2508.64990234375,3470.60009765625,1649.9000244140625,-0.006040831211450409,-0.003867906409946551,-0.0008178820418381376
2023-08-09,2525.199951171875,3462.5,1650.5,0.006575527257134754,-0.0023366462989552503,0.00036357749855068746
2023-08-10,2536.449951171875,3442.10009765625,1635.8499755859375,0.004445198202896202,-0.00590909289877637,-0.00891574030002346
2023-08-11,2547.14990234375,3448.800048828125,1618.800048828125,0.004209602360973596,0.001944579994111468,-0.010477367828353177
2023-08-14,2577.25,3449.85009765625,1610.9000244140625,0.011747890255493595,0.00030442153578966527,-0.004892120005409282
2023-08-16,2575.14990234375,3458.39990234375,1606.199951171875,-0.0008151920706287513,0.0024752459892955457,-0.0029219338048793258
2023-08-17,2538.0,3435.75,1597.300048828125,-0.014531377631532377,-0.006570783681052996,-0.005556375989508332
2023-08-18,2556.800048828125,3367.10009765625,1590.75,0.007380126394980458,-0.02018337368215036,-0.004109131252172537
2023-08-21,2520.0,3401.64990234375,1589.5,-0.014497594163844382,0.010208710543487218,-0.0007861017620441396
2023-08-22,2519.39990234375,3382.14990234375,1582.699951171875,-0.00023816234897626234,-0.005749006241159835,-0.004287282862776605
2023-08-23,2522.199951171875,3398.25,1586.5999755859375,0.00111077800594223,0.0047490201602190295,0.0024611279921609563
2023-08-24,2479.800048828125,3387.75,1579.300048828125,-0.01695358572634536,-0.003094609012534002,-0.004611604686659056
2023-08-25,2468.35009765625,3381.300048828125,1561.5,-0.004627980667261285,-0.001905718846043976,-0.01133484407044936
2023-08-28,2443.75,3375.550048828125,1577.75,-0.010016206035152337,-0.0017019768989720886,0.01035288374121569
2023-08-29,2420.35009765625,3376.14990234375,1590.300048828125,-0.009621546593419487,0.00017768962529174625,0.007922926901240208
2023-08-30,2418.050048828125,3390.949951171875,1578.699951171875,-0.0009507477396434825,0.004374125621285803,-0.007321015757233083
2023-08-31,2407.0,3356.800048828125,1571.449951171875,-0.00458029161754107,-0.010121949956373427,-0.004602963684519612
2023-09-01,2412.64990234375,3379.199951171875,1574.699951171875,0.0023445291862556872,0.006650826874265292,0.0020660179946366554
2023-09-04,2410.699951171875,3418.5,1584.550048828125,-0.0008085464821446242,0.011562877731571932,0.006235739225571446
2023-09-05,2423.60009765625,3429.35009765625,1574.9000244140625,0.005336936877531086,0.0031689089513424317,-0.006108692461533174
2023-09-06,2428.699951171875,3429.89990234375,1595.5,0.0021020362888271972,0.0001603104388022725,0.012995373035787025
2023-09-07,2432.0,3455.25,1610.8499755859375,0.0013578494325161268,0.0073637357401425034,0.009574808098024447
2023-09-08,2448.199951171875,3441.89990234375,1623.4000244140625,0.006639076610854134,-0.0038711973837032353,0.007760755549598501
2023-09-11,2474.60009765625,3480.64990234375,1631.800048828125,0.010725765546411367,0.01119541377886896,0.005160999551639425
2023-09-12,2438.85009765625,3580.800048828125,1636.9000244140625,-0.014552149491724727,0.02836722287439811,0.0031204941475642574
2023-09-13,2451.050048828125,3567.85009765625,1643.9000244140625,0.004989867326550663,-0.003623051925089438,0.004267258301645939
2023-09-14,2453.300048828125,3560.050048828125,1642.9000244140625,0.0009175528308765486,-0.002188597421770745,-0.0006084945941338648
2023-09-15,2457.85009765625,3598.300048828125,1661.75,0.001852946863467887,0.010686921852888383,0.011408276149054142
2023-09-18,2436.449951171875,3606.14990234375,1629.050048828125,-0.00874498197966341,0.002179168895685551,-0.019874211140211196
2023-09-20,2382.14990234375,3606.050048828125,1563.699951171875,-0.022538641563070175,-2.7690168411148072e-05,-0.040942276158034335
2023-09-21,2364.800048828125,3585.300048828125,1553.3499755859375,-0.007309927827989731,-0.005770837827078813,-0.00664090333273094
2023-09-22,2354.949951171875,3603.64990234375,1529.6500244140625,-0.004173997333398744,0.005105027435718267,-0.015374906282754858
2023-09-25,2340.449951171875,3577.14990234375,1531.0,-0.006176277375778924,-0.007380826933817959,0.0008821496497238245
2023-09-26,2342.5,3585.699951171875,1537.6500244140625,0.0008755374199846267,0.0023873327135968355,0.004334176117352426
2023-09-27,2368.89990234375,3589.300048828125,1526.8499755859375,0.011206936027200643,0.0010035116260260742,-0.007048519198401514
2023-09-28,2334.10009765625,3536.75,1523.699951171875,-0.01479925147070583,-0.014748984662403266,-0.0020652181470863762
2023-09-29,2345.0,3528.60009765625,1526.300048828125,0.00465898221130761,-0.002307006969442579,0.0017049824826990212
2023-10-03,2318.14990234375,3513.85009765625,1508.050048828125,-0.011515990243428847,-0.004188889139107743,-0.012029080017017546
2023-10-04,2314.14990234375,3537.75,1529.550048828125,-0.0017270043662259284,0.006778601601987263,0.014156148506310497
2023-10-05,2314.10009765625,3589.35009765625,1535.75,-2.1522038568313916e-05,0.01448022296817772,0.004045254642496497
2023-10-06,2318.0,3621.39990234375,1534.050048828125,0.001683859667540374,0.008889509619447827,-0.0011075322943533714
2023-10-09,2298.25,3638.35009765625,1516.25,-0.008556781155833037,0.004669644578181308,-0.011671147491423587
2023-10-10,2308.39990234375,3628.89990234375,1524.8499755859375,0.004406637788211475,-0.0026007638760846066,0.005655847278991551
2023-10-11,2345.050048828125,3609.89990234375,1539.5999755859375,0.015752142904398834,-0.005249501062318944,0.009626598014933322
2023-10-12,2349.39990234375,3542.550048828125,1549.8499755859375,0.0018531903868465804,-0.018833223485286904,0.0066355097321021345
2023-10-13,2349.300048828125,3570.85009765625,1535.75,-4.250261420294716e-05,0.007956869445190064,-0.009139275240250056
2023-10-16,2344.050048828125,3524.050048828125,1529.5999755859375,-0.0022372088510312638,-0.01319277978643986,-0.004012613707976454
2023-10-17,2355.25,3507.050048828125,1541.199951171875,0.004766655570690512,-0.004835668072067997,0.007555054734054271
2023-10-18,2324.0,3487.25,1519.75,-0.01335703995697529,-0.00566178218893474,-0.014015454441282675
2023-10-19,2306.14990234375,3455.64990234375,1514.949951171875,-0.00771041390267007,-0.009102915584897148,-0.003163444761162977
2023-10-20,2299.10009765625,3494.550048828125,1522.800048828125,-0.003061640603381728,0.011194081598623024,0.005168374705372778
2023-10-23,2263.199951171875,3410.14990234375,1506.050048828125,-0.015738065053209363,-0.024448376043105995,-0.01106041581180288
2023-10-25,2257.949951171875,3390.10009765625,1496.5,-0.0023224190628987774,-0.005896801672164424,-0.0063613134684851495
2023-10-26,2226.5,3336.75,1463.4000244140625,-0.014026454587884764,-0.015862168916539084,-0.0223665361597146
2023-10-27,2265.800048828125,3350.949951171875,1469.1500244140625,0.017497073227690525,0.004246593781175273,0.003921506724854549
2023-10-30,2312.5,3378.550048828125,1485.0999755859375,0.020401271397132627,0.008202764666892083,0.010798074739666614
2023-10-31,2287.89990234375,3368.75,1476.5,-0.010694866819539869,-0.002904882145020805,-0.005807671413582934
2023-11-01,2297.39990234375,3330.64990234375,1474.5,0.004143682636971688,-0.011374304856204406,-0.0013554729286463702
2023-11-02,2320.199951171875,3360.10009765625,1476.75,0.009875361592502723,0.008803313681527022,0.0015247779320136992
2023-11-03,2319.699951171875,3350.89990234375,1483.75,-0.0002155218916178782,-0.002741827172143493,0.004728939736533075
2023-11-06,2339.0,3380.25,1494.5,0.008285641679282214,0.008720733928380922,0.0072190358001146485
2023-11-07,2323.800048828125,3370.449951171875,1487.25,-0.006519689823228692,-0.0029034191368048326,-0.0048629256559775055
2023-11-08,2335.89990234375,3381.550048828125,1491.550048828125,0.005193416244999093,0.003287946580608646,0.0028871033600859704
2023-11-09,2310.550048828125,3347.449951171875,1485.6500244140625,-0.010911601459503241,-0.010135351335348368,-0.003963477087606707
2023-11-10,2314.89990234375,3333.449951171875,1491.5,0.001880835310665795,-0.00419105829966023,0.003929921614308957
2023-11-13,2314.60009765625,3331.550048828125,1488.800048828125,-0.00012951925172006415,-0.0005701132468748452,-0.0018118658297953674
2023-11-15,2356.449951171875,3404.300048828125,1504.4000244140625,0.01791929990432343,0.021601676962059006,0.010423704699611618
2023-11-16,2360.699951171875,3497.85009765625,1508.3499755859375,0.0018019360155834938,0.02710916916853688,0.002622158118066387
2023-11-17,2355.550048828125,3502.449951171875,1505.0999755859375,-0.0021838979657918447,0.0013141877192606993,-0.002156997005259641
2023-11-20,2349.35009765625,3519.60009765625,1505.199951171875,-0.002635530858293639,0.0048846648671668465,6.642234222940052e-05
2023-11-21,2378.89990234375,3510.199951171875,1517.949951171875,0.012499419198995637,-0.0026743725345755418,0.008434960889882527
2023-11-22,2388.199951171875,3530.14990234375,1512.550048828125,0.003901768753499061,0.005667333295670447,-0.003563707677710665
2023-11-23,2395.5,3508.25,1521.300048828125,0.003052053669468896,-0.006222997647660971,0.005768264073570645
2023-11-24,2393.89990234375,3457.10009765625,1532.0999755859375,-0.0006681829658867328,-0.01468722206480971,0.007074062821277654
2023-11-28,2394.39990234375,3470.14990234375,1528.6500244140625,0.00020884239592839114,0.003767676964091475,-0.002254318472867956
2023-11-29,2400.699951171875,3513.75,1559.1500244140625,0.0026277043839115785,0.012486050690214677,0.019755807696894934
2023-11-30,2377.449951171875,3487.60009765625,1558.800048828125,-0.009731876970969553,-0.007469994666092854,-0.00022449082197358174
2023-12-01,2394.300048828125,3511.64990234375,1555.4000244140625,0.007062468777398633,0.006872136110566704,-0.0021835628315623897
2023-12-04,2420.199951171875,3512.449951171875,1609.4000244140625,0.010759228245148793,0.00022780109858053354,0.034128690924532766
2023-12-05,2437.75,3531.60009765625,1623.699951171875,0.007225321526520314,0.005437267915757408,0.008846011639233991
2023-12-06,2461.10009765625,3604.10009765625,1627.800048828125,0.009532961418875325,0.020321059707447908,0.00252197436839774
2023-12-07,2457.050048828125,3614.89990234375,1630.449951171875,-0.001646980926971233,0.002992052291035348,0.0016265804821614662
2023-12-08,2455.75,3626.699951171875,1653.199951171875,-0.0005292496521534957,0.0032589647345053247,0.013856753730561971
2023-12-11,2459.35009765625,3642.89990234375,1651.0,0.0014649135230331077,0.004456910508057782,-0.0013316091819268476
2023-12-12,2424.050048828125,3672.10009765625,1634.5999755859375,-0.014457411895635397,0.007983691158549808,-0.009983053773901178
2023-12-13,2433.949951171875,3593.550048828125,1630.9000244140625,0.0040757167756573405,-0.02162314666832923,-0.0022660865136679745
2023-12-14,2464.14990234375,3667.25,1650.1500244140625,0.01233144883504007,0.02030147695705163,0.011734183016051733
2023-12-15,2495.60009765625,3861.0,1656.550048828125,0.01268233957492761,0.05148415489636421,0.003870948234752049
2023-12-18,2521.0,3859.199951171875,1655.699951171875,0.010126427819918005,-0.0004663218238203615,-0.0005133052607233131
2023-12-19,2558.10009765625,3816.199951171875,1652.9000244140625,0.01460918540349902,-0.011204745139134366,-0.0016925149288906525
2023-12-20,2527.14990234375,3780.050048828125,1657.0,-0.012172686684110364,-0.00951790034458105,0.0024774027328139736
2023-12-21,2562.550048828125,3787.5,1686.699951171875,0.013910728598622784,0.001968920860924123,0.017765189888496426
2023-12-22,2565.050048828125,3824.0,1670.8499755859375,0.0009751151222717804,0.009590824353667258,-0.009441463967512932
2023-12-26,2578.050048828125,3795.550048828125,1682.449951171875,0.00505532750254791,-0.007467654441738885,0.006918571025699859
2023-12-27,2586.85009765625,3811.199951171875,1703.300048828125,0.003407638906486615,0.00411474661968231,0.012316539160063958
2023-12-28,2605.550048828125,3799.89990234375,1705.25,0.007202847042578413,-0.002969362470187998,0.0011441530015184067
2023-12-29,2584.949951171875,3793.39990234375,1709.25,-0.007937657573508982,-0.001712036072551512,0.0023429502590746856
2024-01-01,2590.25,3811.10009765625,1698.0999755859375,0.0020482496255540875,0.004655198179334494,-0.006544713218929934
2024-01-02,2611.699951171875,3783.199951171875,1699.0999755859375,0.008246935454647778,-0.007347687562731432,0.0005887201479192836
2024-01-03,2583.300048828125,3691.75,1672.9000244140625,-0.0109336613148262,-0.02446959906921538,-0.015540022791801208
2024-01-04,2596.64990234375,3666.800048828125,1690.8499755859375,0.005154444810611668,-0.006781239949985675,0.010672684685708873
2024-01-05,2607.699951171875,3737.89990234375,1682.199951171875,0.004246472948272683,0.01920456985385194,-0.0051289151148131255
2024-01-08,2587.35009765625,3678.300048828125,1663.449951171875,-0.007834364408085982,-0.016073228076654133,-0.01120870195721348
2024-01-09,2580.5,3689.89990234375,1650.5,-0.0026510450336989957,0.003148628749429649,-0.007815457251525845
2024-01-10,2650.10009765625,3713.050048828125,1655.949951171875,0.026614233378587173,0.006254323506133497,0.00329656047294387
2024-01-11,2719.800048828125,3735.550048828125,1649.0,0.025960954160325914,0.006041422049829576,-0.004205789206592676
2024-01-12,2741.449951171875,3882.800048828125,1641.199951171875,0.007928593548260627,0.03866147892707625,-0.004741391743045911
2024-01-15,2788.25,3903.800048828125,1672.800048828125,0.016927199198690523,0.005393894806790839,0.019071246487328185
2024-01-16,2749.25,3861.300048828125,1679.1500244140625,-0.014086011683602434,-0.010946523251399007,0.0037888292149125475
2024-01-17,2723.14990234375,3884.60009765625,1537.5,-0.009538884594108892,0.006016116568408313,-0.08813000683812074
2024-01-18,2735.89990234375,3902.60009765625,1486.1500244140625,0.00467115107556787,0.004622979146915471,-0.03396882094304382
2024-01-19,2734.89990234375,3943.050048828125,1470.6500244140625,-0.00036557726359517093,0.01031152519626149,-0.010484403224617647
2024-01-23,2657.14990234375,3858.25,1427.3499755859375,-0.028840753346752557,-0.02174083509960053,-0.029884935417586186
2024-01-24,2687.75,3841.800048828125,1455.9000244140625,0.011450329303182254,-0.004272693318429538,0.01980472175290638
2024-01-25,2706.14990234375,3810.300048828125,1434.9000244140625,0.006822512114799867,-0.008233080469356079,-0.014529105479501467
2024-01-29,2896.10009765625,3801.0,1454.6500244140625,0.06783811353596592,-0.0024437490039065078,0.013670161255294848
2024-01-30,2815.25,3800.550048828125,1444.300048828125,-0.028313970438968165,-0.00011838405838550738,-0.007140529709537473
2024-01-31,2853.25,3815.949951171875,1462.550048828125,0.013407627856574447,0.004043832030307587,0.012556712026824469
2024-02-01,2853.300048828125,3854.14990234375,1466.3499755859375,1.7540835600488062e-05,0.009960826519778173,0.0025947822446514435
2024-02-02,2915.39990234375,3966.300048828125,1446.1500244140625,0.02153076187391194,0.028683218013960867,-0.013871433525455447
2024-02-05,2878.050048828125,3973.300048828125,1444.8499755859375,-0.012893999705306894,0.0017633134484467807,-0.0008993766279881289
2024-02-06,2855.60009765625,4136.0,1444.0999755859375,-0.007830985611455519,0.04013214124490832,-0.00051921980617564
2024-02-07,2884.300048828125,4083.39990234375,1429.949951171875,0.010000240288782304,-0.012799186401591986,-0.0098468287654842
2024-02-08,2900.25,4134.10009765625,1403.050048828125,0.005514687040274615,0.012339723431437114,-0.01899097127335523
2024-02-09,2921.5,4133.7001953125,1403.5999755859375,0.007300242838975494,-9.673730131146863e-05,0.0003918741275659388
2024-02-12,2904.699951171875,4120.7001953125,1390.0,-0.005767085075009694,-0.0031498376945781463,-0.009736600190433492
2024-02-13,2930.199951171875,4149.5,1394.449951171875,0.008740565483978911,0.006964745816282005,0.0031962901387355205
2024-02-14,2962.75,4100.10009765625,1384.050048828125,0.011047227665097036,-0.011976457581621906,-0.007486018291636394
2024-02-15,2941.199951171875,4103.2001953125,1414.050048828125,-0.0073002463479206504,0.0007558172182205505,0.021443943069123877
2024-02-16,2921.14990234375,4128.2998046875,1419.9000244140625,-0.006840303805517378,0.006098447953606863,0.0041285017335640824
2024-02-19,2948.0,4103.7998046875,1417.0999755859375,0.00914963339410733,-0.005952326502146575,-0.0019739511718859957
2024-02-20,2942.050048828125,4030.64990234375,1454.300048828125,-0.0020203404542963013,-0.01798569709755047,0.025912206156027174
2024-02-21,2935.39990234375,3991.5,1439.1500244140625,-0.0022629369462973804,-0.00976052894315752,-0.010472040284687801
2024-02-22,2963.5,4087.10009765625,1419.550048828125,0.009527305319259381,0.02366859589767697,-0.01371272411408104
2024-02-23,2987.25,4052.10009765625,1420.5999755859375,0.007982229501970412,-0.00860040664854476,0.0007393460180725307
2024-02-26,2974.64990234375,4001.050048828125,1422.300048828125,-0.004226879559407831,-0.01267845047622734,0.0011960135286104123
2024-02-27,2971.300048828125,4104.39990234375,1420.1500244140625,-0.0011267682700159005,0.025502706336231886,-0.0015127968961279612
2024-02-28,2911.25,4118.9501953125,1409.4000244140625,-0.020417041701888922,0.0035387787167866463,-0.007598417795220573
2024-02-29,2921.60009765625,4095.10009765625,1403.4000244140625,0.0035489026277038998,-0.005807163051253454,-0.0042662180006751566
2024-03-01,2984.25,4094.35009765625,1430.75,0.021217014148893047,-0.00018316247958278346,0.019300901074655805
2024-03-04,3014.800048828125,4080.699951171875,1432.699951171875,0.010185050190307725,-0.0033394680371207084,0.0013619595289214577
2024-03-05,3000.39990234375,4012.10009765625,1440.8499755859375,-0.004787928617718327,-0.016953711007862495,0.005672458440081024
2024-03-06,3006.0,4064.300048828125,1442.5999755859375,0.0018647107651828016,0.012926719109425158,0.0012138238877044765
2024-03-07,2957.85009765625,4108.60009765625,1446.0999755859375,-0.016147605251158215,0.010840823181769085,0.0024232365921346335
2024-03-11,2933.199951171875,4122.35009765625,1427.800048828125,-0.008368725488825605,0.003341051145792109,-0.012735428471539153
2024-03-12,2950.85009765625,4192.25,1459.550048828125,0.005999336945339425,0.016814169854275196,0.02199337020272445
2024-03-13,2864.35009765625,4149.0,1460.4000244140625,-0.029751815106773775,-0.010370241294351006,0.0005821850296236094
2024-03-14,2862.949951171875,4207.60009765625,1455.449951171875,-0.0004889377194599039,0.014025095741740825,-0.0033952899079175754
2024-03-15,2836.449951171875,4219.25,1452.6500244140625,-0.009299291652962631,0.0027649500419850465,-0.001925606166559749
2024-03-18,2878.949951171875,4152.5,1446.050048828125,0.014872374320524004,-0.015946824629143746,-0.004553756390320658
2024-03-19,2850.5,3977.300048828125,1449.3499755859375,-0.009931209887966556,-0.04310735310401151,0.002279428167989643
2024-03-20,2887.5,3970.89990234375,1431.050048828125,0.012896658358412352,-0.0016104647359090672,-0.012706688534545275
2024-03-21,2901.949951171875,3972.949951171875,1445.75,0.004991832142785405,0.0005161348493333389,0.010219743370819004
2024-03-22,2910.050048828125,3910.89990234375,1442.8499755859375,0.0027873719548128467,-0.015741377946721983,-0.0020079106923147037
2024-03-26,2883.14990234375,3877.5,1425.4000244140625,-0.009286867377771204,-0.008576885499446815,-0.012167814150375144
2024-03-27,2985.699951171875,3840.89990234375,1440.699951171875,0.0349507962932752,-0.009483927355807237,0.010676579479843986
2024-03-28,2971.699951171875,3876.300048828125,1447.9000244140625,-0.004700045658056282,0.009174414297978073,0.004985174973598826
2024-04-01,2969.550048828125,3916.75,1470.5,-0.0007237205765076945,0.010381125280731832,0.015488231344968937
2024-04-02,2973.89990234375,3883.800048828125,1480.1500244140625,0.0014637472606016493,-0.00844815992182172,0.006540971474077434
2024-04-03,2943.199951171875,3947.300048828125,1482.300048828125,-0.010376781668773061,0.016217744886681065,0.0014515179924709277
2024-04-04,2925.85009765625,4003.300048828125,1527.5999755859375,-0.005912338082313524,0.01408721993509668,0.03010289190878958
2024-04-05,2920.199951171875,3979.25,1549.550048828125,-0.0019329797714543607,-0.0060256738635887245,0.014266737322664562
2024-04-08,2971.949951171875,3972.550048828125,1546.5999755859375,0.017566196232070414,-0.0016851411545113523,-0.001905640302751782
2024-04-09,2927.300048828125,3946.550048828125,1548.550048828125,-0.015137773437544019,-0.006566426260948837,0.0012600833464190592
2024-04-10,2959.14990234375,3984.64990234375,1536.3499755859375,0.010821518774366996,0.009607662604374727,-0.007909583292910735
2024-04-12,2934.300048828125,4001.39990234375,1518.949951171875,-0.00843309131051678,0.004194820961916473,-0.01139018292712852
2024-04-15,2929.64990234375,3941.199951171875,1494.699951171875,-0.001586011987775254,-0.015159042401627099,-0.01609378939142033
2024-04-16,2931.5,3872.800048828125,1509.25,0.0006313087870203002,-0.017507460825718642,0.009687353552275776
2024-04-18,2928.64990234375,3862.0,1494.699951171875,-0.0009727047698317511,-0.002792588244989309,-0.00968735355227576
2024-04-19,2940.25,3826.199951171875,1531.300048828125,0.003953079096707957,-0.009313053200698146,0.024191594583615698
2024-04-22,2959.699951171875,3864.60009765625,1512.199951171875,0.006593283601553227,0.009986078262570836,-0.012551567873168797
2024-04-23,2918.64990234375,3874.699951171875,1507.5999755859375,-0.013966748203782436,0.002610018783461013,-0.00304654563571851
2024-04-24,2900.35009765625,3831.050048828125,1511.699951171875,-0.006289694111084645,-0.011329298050345148,0.00271584685553131
2024-04-25,2919.949951171875,3852.199951171875,1510.75,0.006735023087971905,0.0055054711912867465,-0.0006285968128514021
2024-04-26,2905.10009765625,3821.35009765625,1509.800048828125,-0.005098629388895303,-0.008040612109502835,-0.0006289921953538128
2024-04-29,2930.050048828125,3870.199951171875,1529.5,0.008551657659622548,0.012702383793380094,0.012963660544643986
2024-04-30,2934.0,3820.64990234375,1520.0999755859375,0.0013471753263958252,-0.012885633025114949,-0.006164778501811072
2024-05-02,2933.10009765625,3863.300048828125,1532.25,-0.0003067622286405555,0.011101213506239532,0.0079611372766941
2024-05-03,2868.0,3843.39990234375,1519.5999755859375,-0.02244499475477552,-0.005164387050228085,-0.008290117118481943
2024-05-06,2839.050048828125,3921.050048828125,1522.6500244140625,-0.010145416367718364,0.02000212142335552,0.002005127685119651
2024-05-07,2802.949951171875,3978.949951171875,1506.1500244140625,-0.012797089797048005,0.014658465592151528,-0.010895511729341723
2024-05-08,2837.10009765625,3976.949951171875,1482.6500244140625,0.012110021555982795,-0.0005027715448105346,-0.01572569854469936
2024-05-09,2788.25,3960.199951171875,1447.5,-0.01736827923608114,-0.004220664866223162,-0.023993113211287557
2024-05-10,2814.85009765625,3893.89990234375,1437.9000244140625,0.009494850004601922,-0.01688331570503393,-0.006654197634484119
2024-05-13,2805.39990234375,3947.800048828125,1455.25,-0.0033629124037762243,0.013747273088378087,0.011993974339178684
2024-05-14,2840.14990234375,3901.199951171875,1460.949951171875,0.012310736802236644,-0.011874288495647384,0.003909168456216066
2024-05-15,2832.550048828125,3880.39990234375,1438.5,-0.0026794500424629285,-0.00534596966109287,-0.015485971616458425
2024-05-16,2850.699951171875,3900.949951171875,1460.25,0.006387177775880498,0.005281884760593881,0.015006749928816192
2024-05-17,2871.39990234375,3834.10009765625,1464.0999755859375,0.007235120672488969,-0.01728534852483274,0.002633048603884485
2024-05-21,2872.25,3820.199951171875,1458.800048828125,0.00029601304985893363,-0.003631987686875028,-0.0036264891183465336
2024-05-22,2921.300048828125,3832.0,1459.199951171875,0.01693304464826958,0.003084095621279126,0.00027409345185300666
2024-05-23,2972.10009765625,3893.449951171875,1492.5999755859375,0.01724006712300963,0.015908781386722814,0.022631242482742436
2024-05-24,2960.5,3849.5,1517.199951171875,-0.003910633532922507,-0.01135237175936978,0.01634694929114029
2024-05-27,2932.5,3847.050048828125,1527.699951171875,-0.009502871444200256,-0.0006366362172870735,0.006896805778129805
2024-05-28,2912.39990234375,3839.89990234375,1530.5,-0.006877851538269319,-0.0018603343567791311,0.0018311749756449792
2024-05-29,2881.550048828125,3803.64990234375,1508.300048828125,-0.010649089244522687,-0.009485192798341088,-0.014611258238308176
2024-05-30,2849.699951171875,3736.10009765625,1514.8499755859375,-0.011114652315071256,-0.01791879362134035,0.004333186877027894
2024-05-31,2860.800048828125,3670.949951171875,1531.550048828125,0.003887614617424274,-0.017591841888459452,0.010963918328208366
2024-06-03,3020.64990234375,3702.85009765625,1572.199951171875,0.054370684621216026,0.00865234893406043,0.02619555495006329
2024-06-04,2794.550048828125,3715.0,1483.1500244140625,-0.07780089835767108,0.0032758583819018352,-0.05830766049350144
2024-06-05,2841.5,3746.449951171875,1551.800048828125,0.01666097242643971,0.008430033740875208,0.04524735811636685
2024-06-06,2863.199951171875,3830.39990234375,1559.699951171875,0.007607781660949747,0.022160498975866326,0.005077884826354838
2024-06-07,2939.89990234375,3893.949951171875,1573.3499755859375,0.026435670533141397,0.01645484317454508,0.008713624806795588
2024-06-10,2942.800048828125,3858.699951171875,1561.300048828125,0.0009859917192454012,-0.009093727528740124,-0.0076882497369816895
2024-06-11,2913.35009765625,3852.10009765625,1564.800048828125,-0.010057870341346904,-0.001711847041948199,0.002239212663127433
2024-06-12,2926.64990234375,3831.64990234375,1574.1500244140625,0.0045547355069217145,-0.0053229851567497995,0.0059574080637544505
2024-06-13,2930.5,3878.14990234375,1580.75,0.0013146661003962815,0.012062716289524687,0.00418395839034822
2024-06-14,2955.10009765625,3832.050048828125,1596.9000244140625,0.008359467345350782,-0.011958289840867243,0.010164847196509006
2024-06-18,2962.050048828125,3815.10009765625,1607.800048828125,0.0023490883941649707,-0.004433018472257404,0.006802550128155083
2024-06-19,2917.300048828125,3801.699951171875,1657.8499755859375,-0.015223064949967424,-0.0035185800397560096,0.030654752166495144
2024-06-20,2947.39990234375,3787.25,1669.3499755859375,0.01026484494011432,-0.003808160213919143,0.006912747032770475
2024-06-21,2908.39990234375,3810.75,1665.75,-0.013320324447555798,0.006185858103518021,-0.0021588420200057325
2024-06-24,2882.949951171875,3816.800048828125,1672.4000244140625,-0.008789009692881338,0.0015863678528944942,0.003984262637983057
2024-06-25,2908.300048828125,3838.449951171875,1711.3499755859375,0.008754676302308284,0.005656238545893389,0.023022783363891446
2024-06-26,3028.050048828125,3855.85009765625,1701.5,0.04035012928779911,0.004522874344894752,-0.005772303503560564
2024-06-27,3061.10009765625,3934.14990234375,1696.1500244140625,0.010855496280710163,0.020103322644423112,-0.0031492237099613194
2024-06-28,3130.800048828125,3904.14990234375,1683.800048828125,0.02251421815021003,-0.007654758617484882,-0.007307818328668253
2024-07-01,3120.300048828125,3978.199951171875,1705.199951171875,-0.0033594118510042177,0.018789378484464297,0.012629204353886328
2024-07-02,3130.35009765625,4017.39990234375,1730.5999755859375,0.0032156838898076893,0.009805459495090022,0.014785777809138938
2024-07-03,3104.85009765625,3965.25,1768.6500244140625,-0.00817941409082381,-0.013065998108456909,0.021748402429219774
2024-07-04,3108.050048828125,4020.949951171875,1727.1500244140625,0.0010300991097184303,0.01394927617513096,-0.023743892164844172
2024-07-05,3177.25,4011.800048828125,1648.0999755859375,0.022020507177744945,-0.00227815039707667,-0.04684957090305689
